id,name,role,location,experience,email
1,Frank Martin,Editor,Atlanta,13 years,uparsons@yahoo.com
2,Nicholas Dominguez,Lighting Technician,Los Angeles,19 years,mia74@gmail.com
3,Karla Baker,Editor,Atlanta,3 years,annetterodriguez@hotmail.com
4,Jason Garcia,Lighting Technician,Vancouver,22 years,bkramer@hotmail.com
5,Joseph Deleon,Cameraman,Los Angeles,21 years,jmayo@ramirez.com
6,Kelly Medina,Director,Vancouver,22 years,michelle92@hotmail.com
7,Johnny Benitez,Cameraman,Miami,1 years,floresmichele@cross.com
8,Brenda Davis,Actor,Los Angeles,7 years,christianmatthews@hotmail.com
9,Kelly Turner,Director,Vancouver,17 years,lmckenzie@henderson-tran.com
10,Rachel Sexton,Sound Technician,Atlanta,19 years,megan39@gmail.com
11,Diana Ward,Lighting Technician,New York,20 years,cooperanthony@hotmail.com
12,Jill Wong DVM,Director,Austin,17 years,jorgenunez@gmail.com
13,Michael Black,Script Supervisor,Las Vegas,10 years,richchristine@coffey.com
14,Stephen Walker,Makeup Artist,Toronto,29 years,jeffreyodonnell@jones.info
15,Tyler Stephenson,Makeup Artist,Austin,8 years,lori12@gmail.com
16,Kim Martinez,Sound Technician,Atlanta,23 years,collierkimberly@martinez.com
17,Lee Robbins,Script Supervisor,Austin,9 years,nmarshall@maldonado.com
18,Ryan Johnson,Editor,Miami,6 years,ljenkins@thompson.info
19,Dawn Thompson MD,Costume Designer,Toronto,19 years,ghansen@ramos.info
20,Jennifer Hancock,Director,Austin,27 years,johnsonlynn@yahoo.com
21,Chad Smith,Costume Designer,Atlanta,3 years,jarmstrong@davis.com
22,Richard Williams,Editor,Miami,23 years,melissa84@yahoo.com
23,Ryan Davis,Lighting Technician,Miami,24 years,westricky@coleman.com
24,Catherine Bailey,Director,San Francisco,23 years,hodgesdanielle@petty.com
25,Adam Lynch,Director,San Francisco,4 years,wschmitt@gmail.com
26,Jesse Mathis,Editor,Austin,21 years,fieldshannah@hotmail.com
27,Kenneth Rojas,Editor,San Francisco,13 years,mschmidt@hotmail.com
28,Amanda Hampton,Editor,Vancouver,2 years,hpatterson@griffin.org
29,Christine Perez,Cameraman,Los Angeles,19 years,alyssalong@mcfarland.org
30,Carrie Harrison,Actor,Las Vegas,1 years,mwood@lopez.com
31,Melissa Thomas,Producer,Atlanta,28 years,austin34@gmail.com
32,Todd Short,Editor,Chicago,15 years,kelsey26@hardin.com
33,Donna Jones,Makeup Artist,Toronto,15 years,arnoldann@gmail.com
34,Holly Morris,Costume Designer,Vancouver,20 years,hernandezhelen@hotmail.com
35,Kathy Williams,Lighting Technician,Vancouver,3 years,tina38@gmail.com
36,Caroline Dixon,Producer,Atlanta,26 years,iriddle@gmail.com
37,Christine Davis,Script Supervisor,Chicago,12 years,jesuswhite@hotmail.com
38,Thomas Fernandez MD,Producer,Atlanta,4 years,taylorjackson@hotmail.com
39,Jeffrey Smith,Director,Atlanta,6 years,dedwards@thomas.com
40,Sandra Garcia,Costume Designer,Austin,19 years,jacobthompson@hotmail.com
41,Andrew Hines,Sound Technician,New York,27 years,ldecker@hotmail.com
42,Jane Alexander,Director,Los Angeles,14 years,sara23@gmail.com
43,Amanda Harvey,Actor,Austin,12 years,josephwhite@yahoo.com
44,Phillip Perez,Actor,Vancouver,9 years,mark89@gmail.com
45,Joe Burns,Director,Miami,12 years,stephanie19@wilson.com
46,Anthony Hernandez,Actor,Las Vegas,10 years,john29@gmail.com
47,Jason White,Editor,Chicago,20 years,rbrown@yahoo.com
48,Brian Kim,Editor,New York,1 years,thomassharon@hayes.com
49,Christopher Price,Actor,Atlanta,15 years,david13@harris.com
50,Bobby Russell,Producer,Los Angeles,18 years,grose@hotmail.com
51,John Tucker,Actor,Miami,8 years,ijohnson@diaz.info
52,Richard Owens,Cameraman,Miami,17 years,saramay@gmail.com
53,Cheryl Cole,Cameraman,Las Vegas,7 years,gregory63@gmail.com
54,Charles Norman,Editor,Chicago,27 years,ylowe@hotmail.com
55,Carrie Mccall,Producer,Las Vegas,23 years,mmartinez@garcia.com
56,Miss Amber Byrd DDS,Sound Technician,Las Vegas,15 years,wendycampbell@rogers-clements.com
57,Susan Noble,Makeup Artist,San Francisco,24 years,chasebryan@carrillo.info
58,Thomas Dean,Lighting Technician,Miami,27 years,cameronlindsey@campbell.com
59,Mark Roberts,Cameraman,Chicago,13 years,andrea13@lara.com
60,Richard Taylor,Makeup Artist,San Francisco,14 years,vincent06@miller-richardson.info
61,Jeffrey Rios,Costume Designer,Las Vegas,16 years,mackenzie42@brown.com
62,John Turner,Cameraman,Vancouver,28 years,smithanna@yahoo.com
63,Sean Gentry DDS,Makeup Artist,San Francisco,12 years,blakejoseph@gmail.com
64,April Campos,Cameraman,New York,19 years,ahebert@chen-smith.com
65,Laura Larson,Director,San Francisco,6 years,rebecca80@hughes.com
66,Carrie Koch,Costume Designer,New York,27 years,stephanie34@yahoo.com
67,Kathleen Weeks,Cameraman,Atlanta,22 years,david34@perry.com
68,Wesley Gill,Actor,Austin,11 years,jordannicholson@fox-murphy.com
69,Bradley Baxter,Producer,Toronto,28 years,jimenezjamie@hotmail.com
70,Dana Moore,Lighting Technician,Austin,11 years,gonzalezdaniel@reed.com
71,Kelly Carter,Script Supervisor,Austin,11 years,rogersdiana@garner-thompson.net
72,Marcus Edwards,Cameraman,Miami,24 years,donna97@hernandez.com
73,Mark Moore,Lighting Technician,Vancouver,8 years,nlarsen@gmail.com
74,Kevin Moss,Actor,New York,19 years,ksmith@carey.com
75,Darryl Goodman,Makeup Artist,Las Vegas,21 years,blaketaylor@zavala.biz
76,Mark Reed,Script Supervisor,Miami,13 years,conleyebony@bauer-skinner.info
77,Jennifer Taylor,Makeup Artist,New York,18 years,matthewperez@gmail.com
78,Hannah Green,Cameraman,Chicago,2 years,maxhinton@calderon.biz
79,Cheryl Giles,Cameraman,Austin,18 years,smithdavid@mueller.com
80,Amanda Burke,Actor,Los Angeles,12 years,jeanne33@larsen.com
81,Natalie Chavez MD,Makeup Artist,Las Vegas,29 years,reesedennis@livingston.com
82,Dylan Robertson,Sound Technician,San Francisco,8 years,nicholas85@ortega-mccoy.net
83,Brian Montoya,Lighting Technician,Atlanta,21 years,garciamarisa@yahoo.com
84,Julie Harding,Makeup Artist,Chicago,26 years,vazquezdouglas@gmail.com
85,Steven Abbott,Director,New York,4 years,leah05@yahoo.com
86,Francisco Kim,Sound Technician,San Francisco,22 years,pamelarobinson@bonilla.info
87,Justin Mathews,Producer,Vancouver,13 years,tyler27@anderson-ward.com
88,Jennifer Rogers,Makeup Artist,Los Angeles,2 years,nataliecunningham@hotmail.com
89,Mrs. Jennifer Lopez,Producer,Miami,7 years,williamsnathan@clark-sullivan.net
90,Christopher Fry Jr.,Producer,Miami,27 years,umorris@yahoo.com
91,Tammy Diaz,Lighting Technician,San Francisco,25 years,powelldaniel@hotmail.com
92,Terry Arellano,Producer,Los Angeles,10 years,bakerricardo@nelson-pena.net
93,Melissa West,Costume Designer,Austin,27 years,vfaulkner@hotmail.com
94,Robyn Hamilton,Director,Vancouver,12 years,courtney44@vasquez.net
95,Fernando Daniels,Costume Designer,Vancouver,12 years,wendy68@yahoo.com
96,Brian Mendez,Makeup Artist,Los Angeles,7 years,jenniferstephens@yahoo.com
97,Mary Key,Actor,Los Angeles,6 years,christina41@gmail.com
98,Matthew Jones,Sound Technician,New York,28 years,wwilkerson@gmail.com
99,Heather Rhodes,Costume Designer,Vancouver,2 years,hooverbrandon@montgomery.com
100,Toni Soto,Makeup Artist,Austin,3 years,brownthomas@martinez.com
